-EFS2mihxs0,240,250,"/m/02rhddq,/m/07yv9,/t/dd00129"
-GREE8GdRrc,30,40,"/m/02z32qm,/t/dd00129"
-MfaG0whPJc,130,140,"/m/07qv4k0,/t/dd00129"
-pjK2u3Qtxc,230,240,"/m/028v0c,/m/09x0r,/t/dd00129"
0HVlzmjFe7k,20,30,"/m/04cvmfc,/m/0cdnk,/t/dd00129"
0MJPqGKIbZg,20,30,"/m/07qfr4h,/m/09x0r,/t/dd00129"
0mkgZLfBqsg,30,40,"/m/04cvmfc,/m/04rlf,/m/0jbk,/t/dd00129"
0pgG7Rk_eqM,140,150,"/m/01j4z9,/t/dd00129"
0pxApm5Y6eM,140,150,"/m/03p19w,/m/09x0r,/t/dd00129"
1JEa_q6nHOE,90,100,"/m/0cj0r,/t/dd00129"
1TpuuM-CRfE,100,110,"/g/122z_qxw,/m/09x0r,/t/dd00129"
1WwhvBedzOg,220,230,"/m/07p6mqd,/m/09x0r,/t/dd00129"
1_PQvsAw110,70,80,"/m/07phhsh,/m/07yv9,/t/dd00129"
1hizec7Ei2Y,10,20,"/m/01jg1z,/m/09x0r,/t/dd00129"
1jokDJHu4_s,40,50,"/m/07pb8fc,/m/07yv9,/t/dd00129"
1jyBARHxmlc,160,170,"/m/03k3r,/m/04rlf,/m/09x0r,/m/0jbk,/t/dd00129"
2-1wY_Ndtgw,10,20,"/m/07yv9,/m/09x0r,/m/0k4j,/t/dd00129,/t/dd00130"
20CeP51xlBs,10,20,"/m/07rrh0c,/t/dd00129"
2TsRyytlQww,70,80,"/m/04rlf,/m/07qs1cx,/t/dd00129"
2gkoNwdaBm8,370,380,"/m/02fxyj,/t/dd00129"
2lBZ6yPW9WU,360,370,"/m/02bxd,/m/04rlf,/t/dd00129"
3GI2lANcVEY,290,300,"/m/07p6mqd,/m/09x0r,/t/dd00129"
3S9-pp9ijJU,20,30,"/m/07p6mqd,/m/09x0r,/m/0jbk,/t/dd00129"
3s5FHwyhF-w,70,80,"/m/03k3r,/m/09x0r,/m/0ch8v,/m/0jbk,/t/dd00129"
4kPu2QmfKaQ,580,590,"/m/07qfr4h,/m/09x0r,/t/dd00129"
4uVeFs-4i1w,160,170,"/m/07qv_d5,/m/07r04,/m/07yv9,/t/dd00129"
5B7lDpIYNj0,510,520,"/m/03p19w,/m/09x0r,/t/dd00129"
68hHsTC4lfI,240,250,"/m/07s0dtb,/m/09x0r,/t/dd00129"
6WX4cEj7sTc,400,410,"/m/09x0r,/m/0jbk,/m/0ytgt,/t/dd00129,/t/dd00136"
6eqjdgiGAsE,10,20,"/m/07r04,/m/07yv9,/m/09x0r,/t/dd00129,/t/dd00130"
6kEVmrfasFE,100,110,"/m/068zj,/m/0jbk,/t/dd00129"
70ia88_c-rU,30,40,"/m/05x_td,/m/0912c9,/t/dd00129"
7AiAK5YI-sw,0,10,"/m/0cj0r,/t/dd00129"
845X9JEGzsU,30,40,"/m/06h7j,/m/09x0r,/m/0jbk,/t/dd00129"
8DvUWo9Zxzk,160,170,"/m/0199g,/m/03vt0,/m/07yv9,/t/dd00129"
8a9bzBiund8,70,80,"/m/03p19w,/m/04rlf,/m/09x0r,/t/dd00129"
8ofrO5oTmu4,280,290,"/m/02l6bg,/m/07yv9,/m/09ct_,/m/09x0r,/m/0k5j,/t/dd00129"
8sqewUGPr-w,300,310,"/m/02rhddq,/m/07yv9,/t/dd00129"
9-ymRm0OHgY,580,590,"/m/02mk9,/m/07qv_d5,/m/07yv9,/m/09x0r,/t/dd00129"
91J13TaWA54,480,490,"/m/07p6mqd,/t/dd00129"
9It3a2bN2Uw,90,100,"/m/06mb1,/m/07p6mqd,/m/09x0r,/m/0j2kx,/t/dd00129"
9n-7KuMjTN8,460,470,"/m/020bb7,/m/06_y0by,/m/09x0r,/t/dd00129"
9s1FsAilsEo,200,210,"/m/07pbtc8,/t/dd00129"
ADnh2FcZwLg,230,240,"/m/07pxg6y,/t/dd00129"
ASpHEHMNGNY,330,340,"/m/09x0r,/m/0c2wf,/t/dd00129"
ArIES6ScYzo,330,340,"/m/07yv9,/m/09ct_,/m/0cmf2,/m/0k5j,/t/dd00129"
BeAPmtJjv84,80,90,"/m/01280g,/m/09x0r,/m/0cdnk,/m/0jbk,/t/dd00129"
BqUmykGH5iA,170,180,"/m/02_nn,/m/04rlf,/m/09x0r,/t/dd00129"
C1O7V0jiiNw,290,300,"/m/07yv9,/m/0k4j,/t/dd00129,/t/dd00130"
C5QxHyI1GBc,520,530,"/m/068hy,/m/07ppn3j,/m/09x0r,/m/0bt9lr,/m/0jbk,/t/dd00129"
CSfJWw9cM2s,100,110,"/m/03m9d0z,/m/05zppz,/m/09x0r,/t/dd00129"
CgsIv8K3WUo,20,30,"/m/014yck,/t/dd00129"
DqOo0Qol89o,40,50,"/m/02l6bg,/m/07yv9,/t/dd00129"
DwZUTNBDRL8,20,30,"/m/06_y0by,/m/09x0r,/t/dd00129"
E38PXEciF8g,140,150,"/m/04rlf,/m/07plz5l,/m/09x0r,/t/dd00126,/t/dd00129"
E4vMZ4hiP2c,30,40,"/m/06h7j,/m/09x0r,/t/dd00129"
ERCi_E0b55E,20,30,"/m/07qfr4h,/m/09x0r,/t/dd00129"
EnI-eQFpyzo,280,290,"/g/122z_qxw,/t/dd00129"
F9qxvpX7ndI,330,340,"/m/07phhsh,/m/07yv9,/m/09x0r,/m/0k4j,/t/dd00129"
FD7parB_sk8,140,150,"/m/04rlf,/m/07q4ntr,/m/09x0r,/t/dd00129"
FIXuC8uQyig,60,70,"/m/0199g,/m/09x0r,/t/dd00129"
Fdmeo7qIDI0,490,500,"/m/03k3r,/m/0ch8v,/m/0jbk,/t/dd00129"
G344XaqIv54,20,30,"/m/09x0r,/t/dd00129,/t/dd00130"
G69phlNIvmU,100,110,"/m/07s2xch,/m/09x0r,/t/dd00129"
GMv-kUGutNU,0,10,"/m/07p6mqd,/m/09x0r,/t/dd00129"
GTek_WTbziQ,50,60,"/m/07s0dtb,/t/dd00129"
Gi2q0XWyAs4,40,50,"/m/068hy,/m/07r_k2n,/m/0bt9lr,/m/0jbk,/t/dd00129,/t/dd00136"
GtGaiVGQ33w,30,40,"/m/05zppz,/m/09x0r,/t/dd00129"
H18auYh6y-Q,160,170,"/m/01280g,/m/04rlf,/m/09x0r,/m/0jbk,/t/dd00129"
HGtnqoU1kdc,90,100,"/m/07hvw1,/m/07yv9,/t/dd00129"
HH4i5kCOLyA,50,60,"/m/03fwl,/m/04rlf,/m/07bgp,/m/09x0r,/t/dd00129"
HTtVCNQXNbw,320,330,"/m/015p6,/m/07r5c2p,/m/09x0r,/t/dd00129"
Hi93ivFcvy0,140,150,"/m/07mzm6,/m/09x0r,/t/dd00129"
HrwpdRe7meM,10,20,"/m/02w4v,/m/04rlf,/t/dd00129"
I1jgx51-ukc,300,310,"/m/02mk9,/m/04k94,/m/07r5v4s,/t/dd00129"
IEHu2blVblA,40,50,"/m/03k3r,/m/05x_td,/m/07yv9,/m/09x0r,/t/dd00129"
IcoCfcyK-EI,10,20,"/m/01jg1z,/t/dd00129"
IywDfIjWeIk,240,250,"/m/07qfr4h,/m/09x0r,/t/dd00129"
JMxLzd_RYDI,170,180,"/m/03p19w,/t/dd00129"
JYOWDEpuh0w,110,120,"/m/068zj,/m/09x0r,/m/0jbk,/t/dd00129"
Jhp7vwvAic4,220,230,"/m/015p6,/m/09ddx,/t/dd00129"
Jp2ksI9t_2E,440,450,"/m/014yck,/m/0k5j,/t/dd00129"
KOX2HudX8B8,20,30,"/m/06_y0by,/t/dd00129"
KTrW_NFsXwA,20,30,"/m/07p6mqd,/m/09x0r,/t/dd00129"
KUGf-irpTMQ,110,120,"/m/01280g,/m/04rlf,/m/07y_7,/m/09x0r,/m/0jbk,/t/dd00129"
L52FAJDaa48,170,180,"/m/020bb7,/m/06_y0by,/t/dd00129"
LV19CosDySA,0,10,"/m/01280g,/m/04cvmfc,/m/04rlf,/m/09x0r,/m/0cdnk,/m/0jbk,/t/dd00129"
L_9U6xDeYcU,20,30,"/m/04fq5q,/m/05kq4,/m/0912c9,/m/09x0r,/t/dd00129"
LhVooeKuLf0,490,500,"/m/04fgwm,/t/dd00129"
LmFxy9yXb34,30,40,"/m/01280g,/m/04cvmfc,/m/0cdnk,/m/0jbk,/t/dd00129"
LsY_YZDzIY0,290,300,"/m/07r04,/m/07yv9,/m/0gvgw0,/t/dd00129"
MStyPWh3La4,120,130,"/m/07qfr4h,/m/09x0r,/t/dd00129"
MnD5rqXwzww,480,490,"/m/04rlf,/m/09x0r,/m/0ytgt,/t/dd00013,/t/dd00129"
N3zMQvVkpBo,20,30,"/m/04k94,/m/07p6mqd,/m/09x0r,/t/dd00129"
N8oL33zAKGo,380,390,"/m/014yck,/m/07yv9,/m/0cmf2,/m/0k5j,/t/dd00129"
NCEyRZ3Y_4Y,350,360,"/m/07phhsh,/m/07yv9,/m/0k4j,/m/0ltv,/t/dd00129"
Ndc4lN9GoGk,10,20,"/m/03fwl,/m/068hy,/m/07bgp,/m/09x0r,/m/0jbk,/t/dd00129"
NuB5i2H27dg,9,19,"/m/04fq5q,/t/dd00129"
Oc2GxHmEJTE,220,230,"/m/09x0r,/t/dd00121,/t/dd00129"
Oqi_AoWhFkY,100,110,"/m/07p6mqd,/m/09x0r,/t/dd00129"
P-10IhHpXEM,70,80,"/m/01280g,/m/0cdnk,/m/0jbk,/t/dd00129"
P8O7pnjJfkM,0,10,"/m/01z5f,/m/068hy,/m/0bt9lr,/m/0jbk,/t/dd00129"
PSnvT4-JYoc,490,500,"/m/04rlf,/m/0cj0r,/t/dd00129"
PhUBiNm51gc,200,210,"/m/04rlf,/m/07s2xch,/m/09x0r,/t/dd00129"
Pj6G2P59vdQ,30,40,"/m/09x0r,/m/0cj0r,/t/dd00129"
PlcEZtXPHj8,130,140,"/m/015p6,/m/04rlf,/m/07sx8x_,/m/09x0r,/t/dd00129"
QDZ7qZ6221k,10,20,"/m/018j2,/m/04rlf,/m/083vt,/m/09x0r,/t/dd00129"
QLNn3qg1RAE,110,120,"/m/068zj,/m/09x0r,/t/dd00129"
QSYttHIqWBQ,40,50,"/m/06wzb,/m/07qlf79,/m/09x0r,/t/dd00129"
QYP_8S9qPzs,30,40,"/m/09x0r,/m/0cdnk,/m/0ghcn6,/t/dd00129"
RAomqDWTVuA,23,33,"/m/06h7j,/m/09x0r,/t/dd00129"
RMjmuLRyyKE,0,10,"/g/122z_qxw,/m/09x0r,/t/dd00129"
RpC9asjOcVQ,500,510,"/m/05x_td,/m/09x0r,/t/dd00129"
StsMliJkaYk,420,430,"/m/04rlf,/m/07p6mqd,/m/09x0r,/t/dd00129"
T0jJZL3GKT0,260,270,"/m/014yck,/m/04rlf,/m/07yv9,/m/0k5j,/t/dd00129"
T3QuUCRzAL8,0,10,"/m/04rlf,/t/dd00121,/t/dd00129"
T8cnEXIwjWA,0,10,"/m/01280g,/m/09x0r,/m/0jbk,/t/dd00129"
U7pc2A42FFI,30,40,"/m/07q7njn,/m/09x0r,/t/dd00129"
UjlMSYSx49k,50,60,"/m/01g50p,/m/0284vy3,/m/06d_3,/m/07jdr,/m/07qv_d5,/m/07yv9,/t/dd00129"
VA9sY3fKPew,60,70,"/m/07qfr4h,/m/07yv9,/m/09x0r,/t/dd00129"
VPp9ArDokWY,30,40,"/m/09t49,/m/09x0r,/t/dd00129"
VaYTwG9xIRA,10,20,"/m/04rlf,/m/07q7njn,/t/dd00129"
ViIQZ6_728g,330,340,"/m/09x0r,/m/0cj0r,/t/dd00129"
W5nq1ytuzAw,420,430,"/m/04rlf,/m/07pc8lb,/t/dd00129"
WMw6PG4caDU,480,490,"/m/015p6,/m/04s8yn,/m/07r5c2p,/m/09x0r,/t/dd00129"
W_K-o9jP4tQ,80,90,"/m/03p19w,/m/09x0r,/t/dd00129"
Wy-PhjWxheo,200,210,"/m/0cj0r,/t/dd00129"
XrLmM8bZTZA,310,320,"/m/07bjf,/m/09x0r,/t/dd00129"
YCy_jDZJy3Y,230,240,"/m/05tny_,/m/068hy,/m/07r_k2n,/m/07rc7d9,/m/09x0r,/m/0bt9lr,/m/0jbk,/t/dd00129,/t/dd00136"
YOlATZrF6EA,420,430,"/m/0199g,/m/07rkbfh,/m/07yv9,/m/09x0r,/t/dd00129"
YXY1d7vHcQE,310,320,"/m/07hvw1,/t/dd00129"
YsFr8ZFSQOw,360,370,"/m/04rlf,/m/04rzd,/t/dd00129"
YskxakrmawA,50,60,"/m/07p6mqd,/m/09x0r,/t/dd00129"
ZECf-tMu4-w,130,140,"/m/03k3r,/m/04rlf,/m/09x0r,/m/0jbk,/t/dd00129"
ZPK1hSPI540,220,230,"/m/020bb7,/m/04rlf,/m/06cqb,/m/07pggtn,/t/dd00129"
ZQ0WfE3nAEU,230,240,"/m/019jd,/m/07hvw1,/m/09x0r,/t/dd00129"
ZocCGcJcGJE,30,40,"/m/04rlf,/t/dd00037,/t/dd00129"
_Qv0bqnyNj8,0,10,"/m/02y_763,/m/09x0r,/t/dd00129"
_XBqA_26vus,30,40,"/m/07pbtc8,/t/dd00129"
_k2FMiR9B9o,430,440,"/m/02c8p,/m/09x0r,/t/dd00129"
_yWQ4Up7E6w,80,90,"/m/07pyf11,/m/07yv9,/m/0k4j,/t/dd00129"
aEbYdJCy9GI,0,10,"/m/0chx_,/t/dd00129"
bE2KZveD5Q4,60,70,"/m/02rhddq,/m/07yv9,/m/09x0r,/t/dd00129"
bIRvWvHrryM,30,40,"/m/06h7j,/t/dd00129"
bSmETT8exHg,170,180,"/m/07pb8fc,/m/07yv9,/t/dd00067,/t/dd00129"
cAsDgKv-4rw,10,20,"/m/06_y0by,/m/09x0r,/t/dd00129"
cwgGYQBCt5A,180,190,"/m/07s0dtb,/m/09x0r,/t/dd00129"
d-V3FtnzYLo,30,40,"/m/04rlf,/m/05zppz,/m/09x0r,/t/dd00129"
d04Otl4k14E,320,330,"/m/07p6mqd,/m/09x0r,/t/dd00129"
dAOa3WbL54w,120,130,"/m/014yck,/m/07yv9,/m/0cmf2,/m/0k5j,/t/dd00129"
d__b-wqlFvU,350,360,"/m/04cvmfc,/m/04rlf,/t/dd00129"
dfzk2tlX4co,110,120,"/m/07rkbfh,/m/09x0r,/t/dd00129"
dkaPAIFCE-c,40,50,"/m/09x0r,/m/0cj0r,/t/dd00129"
dohLSefRWxg,9,19,"/m/04k94,/m/06h7j,/m/09x0r,/m/0jbk,/t/dd00129"
duylvlnoC2Q,20,30,"/m/07rkbfh,/m/09x0r,/t/dd00129"
dwTBAxizdjY,570,580,"/m/025rv6n,/m/04rlf,/m/09b5t,/m/09ddx,/m/09x0r,/t/dd00129"
dxTluhuhL3w,310,320,"/m/04rlf,/m/07p6mqd,/t/dd00129"
e1CyYubSNzY,360,370,"/m/02z32qm,/m/04rlf,/m/09x0r,/t/dd00129"
e6Df7Ocuqcs,180,190,"/m/0cdnk,/m/0jbk,/t/dd00129"
eZrrzGgTpfk,100,110,"/m/04rlf,/m/07kc_,/t/dd00129"
fdt3_-KXOhE,330,340,"/m/03k3r,/m/09x0r,/m/0jbk,/t/dd00129"
fiZpOV40_Rg,180,190,"/m/0790c,/t/dd00129"
fu1zSYsrkbc,10,20,"/m/04rlf,/m/0m0jc,/t/dd00129"
fyUd2i0UWWk,310,320,"/m/07rjzl8,/t/dd00129"
g0K_MKLP660,340,350,"/m/07r5v4s,/m/09x0r,/t/dd00129"
gE4S_Xp0SS0,220,230,"/m/04_sv,/m/07yv9,/m/09x0r,/t/dd00129,/t/dd00130"
gSH1W5Aky_k,120,130,"/m/04rlf,/m/07p6mqd,/m/09x0r,/t/dd00129"
gc6s9fopyg8,20,30,"/m/014yck,/m/07yv9,/m/0cmf2,/m/0k5j,/t/dd00129"
gm5tHzVCBFs,110,120,"/m/07pbtc8,/m/09x0r,/t/dd00129"
gwD_19w--Bo,420,430,"/m/07qfr4h,/m/07yv9,/m/09x0r,/t/dd00129"
h2Tb9weUZA4,110,120,"/m/03q5_w,/m/09x0r,/t/dd00129"
h8tLFIsA_MQ,70,80,"/g/122z_qxw,/t/dd00129"
hHQZepALpHQ,60,70,"/m/03k3r,/m/04rlf,/m/09x0r,/m/0jbk,/t/dd00129"
hNGGQVVLXpA,0,10,"/m/07ppn3j,/m/09x0r,/t/dd00129"
hO_wcYLXrIo,280,290,"/m/09t49,/m/09x0r,/t/dd00129"
hdfwwx27mtY,180,190,"/m/07qv_d5,/m/09x0r,/t/dd00128,/t/dd00129"
hlWSn4An3Mk,60,70,"/g/122z_qxw,/t/dd00129"
hpmus9iJwDg,370,380,"/m/07p6mqd,/m/09x0r,/t/dd00129"
iEgERcuzwOo,10,20,"/m/07phhsh,/t/dd00129"
iLQBKyFll84,10,20,"/m/07r660_,/m/09x0r,/t/dd00129"
iMl_HtFVS84,170,180,"/m/04rlf,/m/0cj0r,/t/dd00129"
irutvIeDEVs,440,450,"/m/02l6bg,/m/07yv9,/m/09x0r,/m/0cmf2,/m/0k5j,/t/dd00129"
jF_iSssgFr0,10,20,"/m/01yrx,/m/068hy,/m/07r81j2,/m/09x0r,/m/0jbk,/t/dd00125,/t/dd00129"
jOSDrTDoB0o,50,60,"/m/02l6bg,/m/07yv9,/m/0k5j,/t/dd00129"
j_ZwYJNu5mE,130,140,"/m/015p6,/m/020bb7,/m/06_y0by,/m/07pggtn,/t/dd00129"
jiqEmXrsVAw,210,220,"/m/07pb8fc,/m/07yv9,/t/dd00129"
jjJgbpw0QmA,0,10,"/m/03m9d0z,/m/09t49,/t/dd00129"
jjSWxBE4L8g,90,100,"/m/0199g,/m/07yv9,/t/dd00129"
jm1w8J_n61k,1,11,"/m/04fq5q,/m/09x0r,/t/dd00129"
jns0QBl5X4s,30,40,"/m/012f08,/m/07q2z82,/m/07rknqz,/m/07yv9,/m/09x0r,/m/0k4j,/m/0ltv,/t/dd00129,/t/dd00134"
jt5DbLRO4l0,520,530,"/m/09t49,/m/09x0r,/t/dd00129"
kNVmUxvzNi8,540,550,"/m/03wwcy,/m/04rlf,/m/09x0r,/t/dd00129"
k_kRSOra2qA,280,290,"/m/05zppz,/m/07prgkl,/m/09x0r,/t/dd00129"
kgIRzYILro0,210,220,"/m/07r4k75,/m/09x0r,/t/dd00129"
kieLTFaCZFU,310,320,"/t/dd00121,/t/dd00129"
klshjoyXTkw,30,40,"/m/07qmpdm,/m/07yv9,/m/0k4j,/t/dd00129"
l4P7f1VgSSU,380,390,"/m/07phhsh,/m/07yv9,/t/dd00129"
lp34OPr-9AY,100,110,"/m/09x0r,/t/dd00013,/t/dd00129"
lt-jiIXkOmY,40,50,"/m/03p19w,/m/07yv9,/t/dd00129"
m160FX9Sln8,120,130,"/m/07sx8x_,/t/dd00129"
mJY4khIQGck,140,150,"/m/068hy,/m/0bt9lr,/m/0ghcn6,/m/0jbk,/t/dd00129"
mYehsuARe6A,40,50,"/m/07sx8x_,/t/dd00129"
mf7lZOWnUfs,100,110,"/m/07qc9xj,/m/09x0r,/t/dd00129"
mmRtJhecp14,520,530,"/m/014yck,/m/07yv9,/m/0cmf2,/m/0k5j,/t/dd00129"
nGa9YKv6SCw,470,480,"/m/02fs_r,/m/09x0r,/t/dd00129"
nQyRAHc7uhw,230,240,"/m/09ct_,/m/09x0r,/t/dd00129"
nR6vw_k44lg,30,40,"/m/04rlf,/m/07xzm,/t/dd00129"
n_2iNMmiYco,150,160,"/m/04rlf,/m/07pc8lb,/t/dd00129"
ntzB1zCeVXY,20,30,"/m/07r04,/m/07yv9,/t/dd00129,/t/dd00130"
nv0TV4MOvxE,470,480,"/m/015p6,/m/07pggtn,/m/07sx8x_,/t/dd00129"
o76baydsjDU,20,30,"/m/01bjv,/m/07yv9,/m/09x0r,/t/dd00129"
oXNQ17EMNVA,0,10,"/m/04rlf,/m/07qyrcz,/t/dd00129"
ov0Fe829K7s,200,210,"/m/07qf0zm,/m/0chx_,/m/0jbk,/t/dd00129"
pB6t7JK-9MI,520,530,"/m/068zj,/m/09x0r,/m/0ch8v,/m/0jbk,/t/dd00129"
pE4ckWU11NA,560,570,"/m/0199g,/m/07yv9,/m/09x0r,/t/dd00129"
pOPg5gfWwTs,30,40,"/m/05zppz,/m/06h7j,/m/09x0r,/t/dd00128,/t/dd00129"
pVweRECRXxo,360,370,"/m/07p6mqd,/m/09x0r,/t/dd00129"
q8XPuolEZ6Q,70,80,"/m/01yg9g,/m/02mk9,/m/07k1x,/t/dd00129"
qGyGTzix_Nk,20,30,"/m/04rlf,/m/068zj,/m/09x0r,/m/0jbk,/t/dd00129"
qYZo8SyvCzU,210,220,"/m/07hvw1,/m/07yv9,/m/09x0r,/m/0cmf2,/m/0k5j,/t/dd00129"
qu4_HQoObdQ,230,240,"/m/04rlf,/m/0790c,/t/dd00129"
rBjPObr45eM,10,20,"/m/019jd,/m/07p6mqd,/m/09x0r,/t/dd00129"
rJmRUSucuSs,390,400,"/m/01yg9g,/m/07yv9,/m/09x0r,/t/dd00129"
rT1UMzblW_w,10,20,"/m/0k65p,/t/dd00129"
raQkEDa3xc4,140,150,"/m/08p9q4,/m/09x0r,/t/dd00129"
rj4T3-8PeAE,200,210,"/m/030rvx,/m/09x0r,/t/dd00129"
s8wi9HPl9oI,0,10,"/m/0199g,/t/dd00129"
sHG1EezICt0,10,20,"/m/07sx8x_,/t/dd00129"
sbhakG0pQVY,0,10,"/m/04rlf,/m/09x0r,/m/0gy1t2s,/t/dd00129"
sj238FA4c3s,0,10,"/m/028v0c,/m/07yv9,/t/dd00129,/t/dd00130"
smgPntD7sv0,10,20,"/m/07qmpdm,/m/07yv9,/t/dd00129"
t60XU3HolYo,160,170,"/m/0cj0r,/t/dd00129"
tZxc4-ee3AU,340,350,"/m/068zj,/m/09x0r,/m/0jbk,/t/dd00129"
trc7uRpZGrI,280,290,"/m/03p19w,/m/07yv9,/t/dd00129"
tuZYdoic2lk,10,20,"/m/014zdl,/m/09x0r,/t/dd00129"
u4LLeLpIVjg,400,410,"/m/03p19w,/t/dd00129"
upcL7tojfd4,150,160,"/m/05zppz,/m/09x0r,/m/0lyf6,/t/dd00129"
usjxOxDQYHI,30,40,"/m/05r5wn,/m/07qn4z3,/m/09x0r,/t/dd00129"
vGd6Z1DHbNE,0,10,"/m/09x0r,/m/0cj0r,/t/dd00129"
vOVP7w1ZlqY,50,60,"/m/07qfr4h,/m/09x0r,/t/dd00129"
w-5nHvqT2_U,20,30,"/m/02rhddq,/t/dd00129"
w61ekNETEgc,320,330,"/m/019jd,/m/02rlv9,/m/07qfr4h,/m/07yv9,/m/09x0r,/t/dd00129"
wiWxg1qAqJ4,190,200,"/m/07p6mqd,/m/09x0r,/m/0ytgt,/t/dd00129"
xXFyAC2KscM,550,560,"/m/07sx8x_,/m/09x0r,/t/dd00129"
x_SdET0hB7A,590,600,"/m/07pxg6y,/m/09x0r,/t/dd00129"
yB9PdXxCCwY,290,300,"/m/09x0r,/m/0cj0r,/t/dd00129"
yVXgN1Sp0TI,30,40,"/m/07hvw1,/m/09x0r,/m/0k4j,/t/dd00129"
yq84OepE8uw,50,60,"/m/02mk9,/m/07pb8fc,/m/07yv9,/m/0k4j,/t/dd00129,/t/dd00130"
z6evA_Zskqk,40,50,"/m/07phhsh,/m/07yv9,/t/dd00129"
zaJ09VUP5io,40,50,"/m/04_sv,/m/07yv9,/t/dd00129"
zkDC_-zqqKY,230,240,"/m/03k3r,/m/04rlf,/m/0jbk,/t/dd00129"
zuvd1uhmi88,190,200,"/m/07yv9,/t/dd00129,/t/dd00130"
zvDRFbVqMJg,160,170,"/m/04rlf,/m/09x0r,/m/0cj0r,/t/dd00129"
zwAO1RWFUPU,70,80,"/m/04rlf,/m/07qv_d5,/t/dd00129"
zxBo7nnAMVE,30,40,"/m/04rlf,/m/06h7j,/m/09x0r,/t/dd00129"
