-LBl0UeKNyU,430,440,"/m/07p6mqd,/m/09x0r,/t/dd00125,/t/dd00128"
-RRi3QktLdc,500,510,"/m/09x0r,/m/0ytgt,/t/dd00013,/t/dd00128"
-WmL01c-4ZE,20,30,"/m/07rjzl8,/m/09x0r,/t/dd00128"
-mNbbwgUZtQ,140,150,"/m/02mk9,/m/03p19w,/m/09x0r,/t/dd00128"
0gcJJ_M3gP0,30,40,"/m/06h7j,/m/09x0r,/t/dd00128"
0jaaX-we-8g,0,10,"/m/07qfr4h,/m/09x0r,/t/dd00128"
19DRe0cdeXQ,20,30,"/m/028v0c,/m/07r4wb8,/t/dd00128"
1ObaLGDunXY,50,60,"/m/04rlf,/m/09x0r,/t/dd00127,/t/dd00128"
1d0fsHq1qks,160,170,"/m/04rlf,/m/07p6mqd,/m/09x0r,/t/dd00128"
1qAvaKlkJis,30,40,"/m/07qn4z3,/t/dd00128"
2TUhNRH_cag,30,40,"/m/0912c9,/m/09x0r,/t/dd00128"
2b0DmhWpxV4,480,490,"/m/07qz6j3,/m/07s0dtb,/m/09x0r,/t/dd00128"
2s1kkwMhDiM,90,100,"/m/03p19w,/m/04rlf,/m/09x0r,/t/dd00128"
33xTgZMTq54,60,70,"/m/01jwx6,/m/02mk9,/m/04_sv,/m/07pb8fc,/m/07yv9,/t/dd00128"
3FkzbBjncD8,290,300,"/m/07qfr4h,/m/09x0r,/t/dd00128"
3eqHT6u_52M,160,170,"/g/122z_qxw,/m/09x0r,/t/dd00128"
4LcMAREn89c,0,10,"/m/01z5f,/m/068hy,/m/0bt9lr,/m/0jbk,/t/dd00128"
4ZOnkn4XnOM,200,210,"/g/122z_qxw,/t/dd00128"
4mcBRIgb8-E,130,140,"/m/03p19w,/m/09x0r,/t/dd00128"
4y0KbKCyKus,140,150,"/m/04gxbd,/m/07yv9,/m/09x0r,/m/0k4j,/t/dd00128"
5P3aq2BJYa0,480,490,"/m/07qv_d5,/m/07yv9,/m/0k4j,/t/dd00128"
5ftfKerE6s0,490,500,"/m/07yv9,/t/dd00066,/t/dd00128"
60GhejkQZho,20,30,"/m/09x0r,/m/0btp2,/t/dd00128"
6KknUgdsPxw,160,170,"/g/122z_qxw,/m/09x0r,/m/0g6b5,/t/dd00128"
7KLcXpyuexo,400,410,"/m/01bjv,/m/02rhddq,/m/07yv9,/m/09x0r,/t/dd00128"
7Kn-xhQ4hmY,520,530,"/m/01yg9g,/m/07yv9,/t/dd00128"
7XuIzJ7KGMs,40,50,"/m/07r660_,/m/07sq110,/m/0ytgt,/t/dd00125,/t/dd00128"
7kIhJzeWnJE,110,120,"/m/02l6bg,/m/02mk9,/t/dd00128"
7lyqru6t1SQ,280,290,"/m/07yv9,/m/09x0r,/m/0btp2,/m/0k4j,/t/dd00128"
7wIOLRmm-kg,240,250,"/m/07r5v4s,/t/dd00128"
88nxoLgi1sE,30,40,"/m/02x984l,/m/068hy,/m/0bt9lr,/m/0jbk,/t/dd00128"
8W0KcQLImuo,190,200,"/m/014yck,/m/07yv9,/m/0cmf2,/m/0k5j,/t/dd00128"
8cC4mv-9Res,70,80,"/m/07p6mqd,/m/09x0r,/m/0ytgt,/t/dd00128"
8rjeBrriB0c,30,40,"/m/06h7j,/m/09x0r,/t/dd00127,/t/dd00128"
97PvmmLm0MQ,20,30,"/m/03p19w,/m/09x0r,/t/dd00128"
99w08FiKJXE,420,430,"/m/02g901,/m/09x0r,/t/dd00128"
9BzZvj5W09s,60,70,"/m/04gxbd,/m/07yv9,/m/09x0r,/m/0k4j,/t/dd00128"
9KOhsDyE_f0,40,50,"/m/01d3sd,/m/09x0r,/t/dd00128"
9b0eMAf1rXo,300,310,"/m/07pyf11,/m/07yv9,/m/0k4j,/t/dd00128"
9yY9mjvbHEg,240,250,"/m/07qfr4h,/m/09x0r,/t/dd00128"
A1yf7Q7uQkY,30,40,"/m/02g901,/m/09x0r,/t/dd00128"
AJ5QYVaZWp8,50,60,"/m/025_jnm,/t/dd00128"
Aa8lvl6b-iM,120,130,"/m/015lz1,/m/04rlf,/m/07p6fty,/t/dd00128"
AqwOCxkhrjI,230,240,"/m/014yck,/m/07yv9,/m/0cmf2,/m/0k5j,/t/dd00128"
B8dq3Zi_NDA,30,40,"/m/01hsr_,/m/09x0r,/t/dd00128"
B9GItZg1U_o,70,80,"/m/07pb8fc,/m/07yv9,/m/09x0r,/t/dd00128"
BnovYnY1UpM,250,260,"/m/07qfr4h,/m/09x0r,/t/dd00128"
C07IwvRb7Ro,530,540,"/m/07qfr4h,/m/09x0r,/t/dd00128"
CRCYiI6n5jE,20,30,"/m/07rkbfh,/m/09x0r,/t/dd00128"
Cjem1GlpQ5w,10,20,"/m/07hvw1,/m/07r04,/m/07yv9,/m/09x0r,/t/dd00128"
Cm89PM3pc4w,330,340,"/m/01bjv,/m/07qv_d5,/m/07yv9,/t/dd00128"
CxmMmFS5Arw,10,20,"/m/01j4z9,/m/09x0r,/t/dd00128"
D8K-qmtf8Gc,30,40,"/m/07yv9,/m/09x0r,/m/0gvgw0,/t/dd00128"
DYaFzD19PSk,30,40,"/m/04rlf,/m/07xzm,/m/09x0r,/t/dd00128"
E9MhfMjq6FI,90,100,"/m/07qv_d5,/m/07yv9,/m/0k4j,/t/dd00128"
EApB0DJ3ECg,200,210,"/m/03p19w,/t/dd00128"
ETYUSZcTxFk,350,360,"/m/04rlf,/m/07phhsh,/m/09x0r,/t/dd00128"
EX-5P7YdWsc,10,20,"/m/07pp_mv,/m/09x0r,/t/dd00128"
EaucCW5AuNA,30,40,"/m/06h7j,/m/09x0r,/t/dd00128"
EqmmFf9gARM,370,380,"/m/06_y0by,/m/09x0r,/t/dd00128"
Fbxs3CnA5OY,70,80,"/m/07rn7sz,/m/09x0r,/t/dd00128"
FkzyzgpS-nU,0,10,"/m/01bjv,/m/07yv9,/m/09x0r,/t/dd00128"
FtJXuEbvrxM,230,240,"/m/04rlf,/m/07hvw1,/t/dd00128"
GCYra4Z6wmc,30,40,"/m/07qqyl4,/m/09x0r,/m/0_1c,/t/dd00128"
GKNkRr4ya2o,60,70,"/m/06_fw,/m/09x0r,/t/dd00125,/t/dd00128"
GQd7VWjX67E,0,10,"/m/014yck,/m/07yv9,/m/0k5j,/t/dd00128"
GfTpGVkfKgw,0,10,"/m/046dlr,/m/09x0r,/t/dd00128"
HJc-cKmD100,370,380,"/m/08p9q4,/m/09x0r,/t/dd00126,/t/dd00128"
HNyHIF8bXJw,280,290,"/m/06_y0by,/m/09x0r,/t/dd00128"
HQfnea5gn-I,30,40,"/m/04rlf,/m/0912c9,/m/0g6b5,/t/dd00128"
HSvfQiXztLs,30,40,"/m/06h7j,/m/09x0r,/t/dd00128"
HZywXtkSiCE,10,20,"/m/07rkbfh,/m/09x0r,/t/dd00128"
HdvvHxY1mDQ,10,20,"/m/014yck,/m/07yv9,/m/09x0r,/m/0k5j,/t/dd00128"
HgDZJ5h33SI,40,50,"/m/014yck,/m/02mk9,/m/07yv9,/m/0cmf2,/m/0k5j,/t/dd00128"
HlkTBzP1bYY,250,260,"/m/04_sv,/m/04rlf,/m/07r67yg,/m/07yv9,/t/dd00128"
Hq1VpGlNuTk,70,80,"/m/09x0r,/t/dd00013,/t/dd00128"
I1WB0a3IUt4,320,330,"/m/04k94,/m/04rlf,/m/07yv9,/m/0838f,/m/0k4j,/t/dd00128"
IPP2G8yOYEQ,0,10,"/m/02rhddq,/m/07r04,/m/07yv9,/t/dd00128"
J5-mjglse5E,90,100,"/m/09x0r,/m/0cmf2,/t/dd00128"
JFsIi2DUJkA,30,40,"/m/05x_td,/m/0912c9,/t/dd00128"
JQz76trKbNk,30,40,"/m/05zppz,/m/06h7j,/m/09x0r,/t/dd00128"
JWGrOPsU6W0,110,120,"/m/09x0r,/m/0cj0r,/t/dd00128"
JXbMV5CqLkc,20,30,"/m/03cl9h,/m/07yv9,/t/dd00128"
Jlh_dAyVBf4,10,20,"/m/07qfr4h,/m/07yv9,/m/09x0r,/m/0k4j,/m/0ltv,/t/dd00128"
K6M2Q24k178,50,60,"/m/07yv9,/m/0g6b5,/m/0k4j,/t/dd00128"
KOgBlhR57tk,90,100,"/m/07p7b8y,/m/09x0r,/t/dd00128"
Kno1Qt815WI,160,170,"/m/015lz1,/m/04rlf,/m/07p6fty,/m/07sr1lc,/t/dd00128"
KvqU8IjDTuk,20,30,"/m/07p6mqd,/m/09x0r,/t/dd00128"
Kxa3vvie0TI,30,40,"/m/06h7j,/m/09x0r,/t/dd00128"
LMpYNCdRgcY,170,180,"/m/04rlf,/m/07pws3f,/t/dd00128"
MOlzKn1akHc,90,100,"/m/08j51y,/m/09x0r,/t/dd00128"
M_SDTIbBhMM,160,170,"/m/014yck,/m/07yv9,/m/0cmf2,/t/dd00128"
MdsRmMxkF4k,50,60,"/m/04rlf,/t/dd00037,/t/dd00128"
Mg4X4gznL7k,170,180,"/m/07rkbfh,/m/09x0r,/t/dd00128"
NAldsczqsy0,0,10,"/m/07rkbfh,/m/09x0r,/t/dd00128"
NJ9MpvYoZHA,0,10,"/m/09x0r,/m/0cj0r,/t/dd00128"
Ne6siwihznc,330,340,"/m/09x0r,/t/dd00013,/t/dd00128"
O3T3skdCmJQ,0,10,"/m/014yck,/m/07yv9,/m/0cmf2,/t/dd00128"
O9_oZ_c5yFg,80,90,"/m/07s34ls,/m/07yv9,/m/0k4j,/t/dd00128"
OLMt7TquvmY,70,80,"/m/04_sv,/m/07pyf11,/m/07yv9,/t/dd00128"
OOQyDTDPTaY,30,40,"/m/04rlf,/m/06h7j,/t/dd00128"
OVpk1u5ZweE,30,40,"/m/01j4z9,/m/07s02z0,/t/dd00128"
OndIPDsFbX4,80,90,"/m/014yck,/m/07yv9,/m/0cmf2,/m/0k5j,/t/dd00128"
OoQzhhWFfz4,60,70,"/m/02y_763,/t/dd00128"
OrwximvUjTU,270,280,"/m/07qfr4h,/m/09x0r,/m/0c1dj,/t/dd00128"
P5uIpVLEpm4,160,170,"/m/018vs,/m/0342h,/m/04rlf,/m/04szw,/m/07szfh9,/m/0fx80y,/t/dd00128"
P7vCZ_L0UrQ,30,40,"/m/06h7j,/m/09x0r,/t/dd00128"
PA_e1ruCTJ4,140,150,"/m/03p19w,/m/04rlf,/t/dd00128"
PIFEQzXscRE,10,20,"/m/09x0r,/t/dd00013,/t/dd00128"
PYInIuSP2Qg,10,20,"/m/04rlf,/m/07rn7sz,/m/09x0r,/t/dd00128"
PdbSJW03FpQ,6,16,"/m/06h7j,/m/09x0r,/t/dd00128"
PrO_fDY4GNs,360,370,"/m/04rlf,/m/07qfr4h,/m/09x0r,/t/dd00128"
QM4qxOYDwHo,90,100,"/m/014yck,/m/02mk9,/m/07yv9,/m/09x0r,/m/0k4j,/t/dd00128"
QPkpwbD9tcM,60,70,"/m/03p19w,/m/07k1x,/m/09x0r,/t/dd00128"
Qf92597YNAo,100,110,"/m/07yv9,/m/09ct_,/t/dd00128"
QqitTNF_I3g,30,40,"/m/07rkbfh,/m/09x0r,/t/dd00128"
R-0tRRcXmpE,0,10,"/m/02l6bg,/m/07yv9,/t/dd00128"
Rbggyp_dUdo,50,60,"/m/015p6,/m/020bb7,/m/06_y0by,/m/09ddx,/t/dd00128"
RgkT2Vea3OA,30,40,"/m/04rlf,/m/06h7j,/t/dd00128"
SGFs2YlHYwg,30,40,"/m/01jnbd,/t/dd00128"
SiVfjH0rseg,540,550,"/m/07pxg6y,/t/dd00128"
TObYoD2pGb0,0,10,"/m/01jnbd,/m/0342h,/m/04rlf,/m/04szw,/m/09x0r,/m/0fx80y,/t/dd00128"
TUDsspiNPes,330,340,"/m/06bz3,/m/07yv9,/m/09x0r,/t/dd00128"
TgUKuk1wWWI,500,510,"/m/07p6mqd,/m/09x0r,/t/dd00128"
Tib9q48R1GQ,30,40,"/m/0912c9,/m/09x0r,/t/dd00128"
UFsLwpBS7U0,20,30,"/m/04rlf,/t/dd00013,/t/dd00128"
UaM_YYfMUu0,400,410,"/m/01jt3m,/m/04k94,/m/09x0r,/t/dd00128"
UelMinLIWSA,60,70,"/m/02mk9,/m/07yv9,/t/dd00128,/t/dd00130"
UtLhLL6w_SI,250,260,"/m/07hvw1,/m/09x0r,/t/dd00128"
Uvm0jskoh6w,570,580,"/m/07qfr4h,/m/09x0r,/t/dd00128"
V9cQZtCD4zY,90,100,"/m/04fq5q,/m/04rlf,/t/dd00128"
VHxCzlTUM6I,30,40,"/m/06h7j,/m/09x0r,/t/dd00128"
VTjV4KRePRQ,100,110,"/m/09x0r,/t/dd00013,/t/dd00128"
Ve-RFG6nSsc,140,150,"/m/015p6,/m/01yg9g,/m/09x0r,/t/dd00128"
Vmsy3ywFNOU,340,350,"/m/07qfr4h,/m/09x0r,/t/dd00128"
WQNJDWRsG3s,250,260,"/m/04k94,/m/07pqc89,/m/0838f,/m/09x0r,/t/dd00128"
Wbe-sTMDMiA,50,60,"/m/01bjv,/m/02rhddq,/m/07yv9,/t/dd00128"
Wrfvo1eFRFk,70,80,"/m/014yck,/m/07yv9,/m/0cmf2,/m/0k5j,/t/dd00128"
XPyCWnbii9Y,180,190,"/m/02rhddq,/m/07yv9,/m/09x0r,/m/0k4j,/t/dd00128"
XUz3VaGUsjk,170,180,"/m/0199g,/m/07yv9,/t/dd00128"
XoDbqos7Cww,20,30,"/m/04rlf,/m/07p6fty,/m/09x0r,/t/dd00128"
Z0oM4laQgfg,17,27,"/m/0912c9,/m/09x0r,/t/dd00128"
ZoQtR0puIPE,130,140,"/m/014yck,/m/07yv9,/m/09x0r,/m/0k5j,/t/dd00128"
_Eq1rpbk8Ng,190,200,"/m/04rlf,/m/07r4wb8,/t/dd00125,/t/dd00128"
_hi0fw2p5Gs,440,450,"/m/03p19w,/t/dd00128"
a83NijNUlnM,290,300,"/m/08j51y,/t/dd00128"
aXnmfM7UBPw,70,80,"/m/06_fw,/m/09x0r,/t/dd00128"
aq7axBA11pE,510,520,"/m/07qv_d5,/m/0k4j,/t/dd00128"
b8AEdmKJebU,140,150,"/m/014yck,/m/07yv9,/m/09x0r,/m/0k5j,/t/dd00128"
bGvorcBfgp8,70,80,"/m/01jwx6,/m/04rlf,/m/07r04,/m/07yv9,/t/dd00128"
bqPkbvp8PK4,260,270,"/m/07hvw1,/m/07yv9,/m/0k4j,/t/dd00128"
c5jN2Iegozw,110,120,"/m/07r67yg,/t/dd00128"
cHx0iJ9RA54,40,50,"/m/07pqc89,/t/dd00128"
cMFacOIgiRU,60,70,"/m/02mk9,/m/07qv_d5,/m/07yv9,/m/09x0r,/m/0k4j,/t/dd00128"
cO6NJ_lcxZI,40,50,"/m/07phhsh,/m/07yv9,/m/0k4j,/t/dd00128"
cfLA0hYf-nk,140,150,"/m/05x_td,/m/07yv9,/m/09x0r,/m/0k4j,/t/dd00128"
cyi2WhHtCDw,40,50,"/m/068hy,/m/07qfr4h,/m/09x0r,/m/0bt9lr,/t/dd00128"
dWOhJNBRv40,590,600,"/m/014yck,/m/07yv9,/m/0cmf2,/m/0k5j,/t/dd00128"
dvBwMOqlco8,260,270,"/m/014yck,/m/07yv9,/m/0cmf2,/m/0k5j,/t/dd00128"
f24GI12Moe4,0,10,"/m/020bb7,/m/06_y0by,/m/09x0r,/t/dd00128"
f8UEgBnqixY,570,580,"/m/014yck,/m/07yv9,/m/0k5j,/t/dd00128"
fK4n3IASsJQ,60,70,"/m/04_sv,/m/07hvw1,/m/07yv9,/t/dd00128"
fWBzCRl6LUs,0,5,"/m/07yv9,/m/0912c9,/m/09x0r,/m/0k4j,/t/dd00128"
fsgqa6oQq50,1,11,"/m/06h7j,/m/09x0r,/t/dd00128"
fzl8yrVfLAY,90,100,"/m/04_sv,/m/04rlf,/m/07qv_d5,/m/07yv9,/t/dd00128"
g2tRAxYP9YQ,170,180,"/m/014yck,/m/07yv9,/m/09x0r,/m/0cmf2,/m/0k5j,/t/dd00128"
g6hEiX4XTcw,340,350,"/m/06h7j,/m/09x0r,/t/dd00128"
g9NycyNlkLs,480,490,"/m/014yck,/m/07yv9,/m/09x0r,/m/0cmf2,/m/0k5j,/t/dd00128"
gJZUyOycu28,10,20,"/m/09x0r,/m/0cj0r,/t/dd00128"
gnnwvC0zhlI,0,10,"/m/04rlf,/m/07r67yg,/t/dd00128"
h5q-MIrP_Ic,110,120,"/g/122z_qxw,/m/09x0r,/m/0g6b5,/t/dd00128"
hF8WIKLNZSI,120,130,"/m/07hvw1,/t/dd00127,/t/dd00128"
hQGF6bi1t6w,20,30,"/m/014yck,/m/07yv9,/m/09x0r,/m/0cmf2,/m/0k5j,/t/dd00128"
hdfwwx27mtY,180,190,"/m/07qv_d5,/m/09x0r,/t/dd00128,/t/dd00129"
hfQZmG8OnL4,420,430,"/m/04rlf,/m/09x0r,/t/dd00013,/t/dd00128"
hk4NfsX_1Ek,10,20,"/m/05x_td,/m/0912c9,/m/09x0r,/t/dd00128"
hyBnFl57dwA,30,40,"/m/0912c9,/m/09x0r,/t/dd00128"
iNtTKSQqld0,0,10,"/m/03cczk,/t/dd00128"
iOMF54wj2aA,70,80,"/m/09x0r,/m/0cj0r,/t/dd00128"
in2AUO_Pb_I,50,60,"/m/01yg9g,/m/07yv9,/m/09x0r,/t/dd00128"
iypvbe6J6Qs,40,50,"/m/0199g,/m/07yv9,/t/dd00128"
jYTg7dmsrpo,220,230,"/m/07p6mqd,/m/09x0r,/t/dd00128"
jdX7joh9EC4,150,160,"/m/07qv_d5,/m/09x0r,/t/dd00128"
k5BH4oAEENU,50,60,"/m/04rlf,/m/06_fw,/t/dd00128"
kGuKzWVGAGY,16,26,"/m/06h7j,/m/09x0r,/t/dd00128"
kzVbcE4NiRo,260,270,"/m/03v3yw,/m/09x0r,/m/0k4j,/t/dd00128"
lGvrHKtXocU,30,40,"/m/06h7j,/m/09x0r,/t/dd00128"
lTAUV1Yj4NE,170,180,"/m/07rqsjt,/m/07yv9,/m/09x0r,/m/0k4j,/m/0ltv,/t/dd00128"
lYP-Xc9mYCA,450,460,"/m/07s2xch,/t/dd00128"
l_Klfaet9ow,80,90,"/m/06_fw,/m/09x0r,/t/dd00128"
lsrlvha5Z_M,10,20,"/m/04_sv,/m/07yv9,/t/dd00128"
m3kb8GFAvtI,240,250,"/m/01z5f,/m/05tny_,/m/068hy,/m/07rc7d9,/m/0bt9lr,/m/0jbk,/t/dd00128"
m4rvKYmgMPc,30,40,"/m/04rlf,/m/06h7j,/t/dd00128"
m50hi3spgZ4,140,150,"/m/07pws3f,/m/07yv9,/m/09x0r,/m/0k4j,/t/dd00128"
mCKwki7LeZ4,30,40,"/m/07rkbfh,/m/09x0r,/t/dd00128"
mJEmgYJ7Z4s,0,10,"/m/028v0c,/m/07hvw1,/m/09x0r,/t/dd00128"
mwA_Z3AgWxw,500,510,"/m/05x_td,/m/07yv9,/m/09x0r,/m/0k4j,/t/dd00128"
nFA1TD9ySXU,0,10,"/m/07rknqz,/m/07yv9,/m/0k4j,/m/0ltv,/t/dd00128"
nIHcAyP3ReQ,270,280,"/m/0g6b5,/t/dd00128"
nITNA5-2Dc8,380,390,"/m/05x_td,/m/07yv9,/t/dd00128"
nkxjWOM2ryw,80,90,"/m/0cj0r,/t/dd00128"
o4eDxGJISqM,30,40,"/m/015lz1,/m/04rlf,/m/07qfr4h,/m/09x0r,/t/dd00128"
oOpLBhemBmk,10,20,"/m/04fq5q,/m/09x0r,/t/dd00128"
oh08bbDVFZM,80,90,"/m/028v0c,/m/07pxg6y,/t/dd00128"
oy2iqv6kNNw,240,250,"/m/04s8yn,/m/09x0r,/t/dd00128"
pEwS6giexfg,20,30,"/m/07q2z82,/m/07r04,/m/07yv9,/t/dd00066,/t/dd00128"
pItK0uhrxDw,220,230,"/m/09x0r,/t/dd00088,/t/dd00128"
pOPg5gfWwTs,30,40,"/m/05zppz,/m/06h7j,/m/09x0r,/t/dd00128,/t/dd00129"
pSKQUtkea-k,240,250,"/m/07qv_d5,/m/09x0r,/t/dd00128"
pVu_5OGlYEU,260,270,"/m/04rlf,/m/07q6cd_,/t/dd00128"
pi5IzVbCJhc,30,40,"/m/06h7j,/m/09x0r,/t/dd00128"
piDzQjuf9bY,80,90,"/m/07hvw1,/m/07yv9,/m/0k4j,/t/dd00128"
pjm2rNsIvps,10,20,"/m/07rkbfh,/m/09x0r,/t/dd00128"
qDc1zsftnAs,50,60,"/m/07hvw1,/m/09x0r,/t/dd00128"
qGA5zexuFY0,160,170,"/m/09x0r,/m/0dv3j,/t/dd00128"
qiPKWD2Q3kE,110,120,"/m/018w8,/m/04rlf,/m/09x0r,/t/dd00128"
qnW8T-9whAk,110,120,"/m/0326g,/m/04rlf,/t/dd00128"
qogFRsecYSw,90,100,"/m/03cl9h,/m/07r04,/m/07yv9,/t/dd00128"
rad-iM5Ssbo,0,10,"/m/07qv_d5,/m/07r04,/m/07yv9,/m/0912c9,/m/09x0r,/t/dd00128"
rvTFEIsrQbA,460,470,"/m/068hy,/m/09x0r,/m/0jbk,/t/dd00013,/t/dd00128"
s4snf62Y7Sg,160,170,"/m/07hvw1,/m/09x0r,/t/dd00128"
sPtje4_RAJc,230,240,"/m/04rlf,/m/04szw,/m/07sr1lc,/t/dd00128"
sWN5-jMQCgs,20,30,"/m/07yv9,/m/09ct_,/t/dd00092,/t/dd00128"
sig0oUL7FVI,120,130,"/m/07qv_d5,/m/09x0r,/t/dd00128"
sorRkcFRl3w,150,160,"/m/03wwcy,/m/07r67yg,/m/09x0r,/t/dd00128"
svWOWgluDb8,390,400,"/m/0cj0r,/t/dd00128"
t0YCaoQ9XPQ,10,20,"/m/07qfr4h,/m/09x0r,/m/0ytgt,/t/dd00128"
t7uMx5EU-Rg,450,460,"/m/02rhddq,/m/07r04,/m/07yv9,/m/09x0r,/t/dd00128"
tAMhnqocveU,130,140,"/m/04fq5q,/t/dd00128"
tEuEfUmiqbw,20,30,"/m/04rlf,/m/07rkbfh,/m/09x0r,/t/dd00128"
tJ55EJ57dIA,0,10,"/m/04rlf,/m/09x0r,/m/0b_fwt,/t/dd00128"
tnSM-SnE5Lk,520,530,"/m/0395lw,/m/04rlf,/t/dd00126,/t/dd00128"
u32TR4NbWT4,260,270,"/m/04rlf,/m/06_fw,/m/09x0r,/t/dd00128"
uNPUAFx8tyg,30,40,"/m/06h7j,/m/09x0r,/t/dd00128"
ur77tjswGMU,230,240,"/m/07q4ntr,/m/09x0r,/t/dd00128"
vqVsEaMWYJQ,360,370,"/m/07yv9,/m/0gvgw0,/m/0k4j,/t/dd00128"
w4iWAkxhBVw,90,100,"/m/07rkbfh,/m/09x0r,/t/dd00128"
w7RLDvfM9HQ,140,150,"/g/122z_qxw,/m/0g6b5,/t/dd00128"
wD6XJvKARTE,30,40,"/m/02fs_r,/m/06h7j,/m/09x0r,/t/dd00128"
wXM1D0qJP3Q,50,60,"/m/04k94,/t/dd00128"
wYgGpTFY2No,560,570,"/m/07p6mqd,/m/09x0r,/t/dd00128"
x1Wghs_aoNw,30,40,"/m/05x_td,/m/0912c9,/m/09x0r,/t/dd00128"
xLxm-zMMXPM,260,270,"/m/0199g,/m/07yv9,/m/09x0r,/t/dd00128"
xeRwsXC7hGs,20,30,"/m/07ppn3j,/t/dd00128"
yEgpugnGvlw,320,330,"/m/04fq5q,/m/07yv9,/m/0k4j,/m/0ltv,/t/dd00128"
yMdOxfnxkB0,10,20,"/m/04rlf,/m/07qfr4h,/m/09x0r,/t/dd00128"
ygF_XLMN52A,50,60,"/m/01bjv,/m/05x_td,/m/07yv9,/t/dd00128"
ypCWyvkH8QE,30,40,"/m/04rlf,/m/06h7j,/m/09x0r,/t/dd00128"
yw9sS3Oz5lk,30,40,"/m/01bjv,/m/07qv_d5,/m/07yv9,/t/dd00128"
zEhhAGhUYjE,110,120,"/m/028v0c,/m/0k65p,/t/dd00128"
zP5qdi8ulKM,210,220,"/m/04rlf,/m/09x0r,/m/0cj0r,/t/dd00128"
zP_NEorPQnE,590,600,"/m/0199g,/m/0284vy3,/m/04rlf,/m/09x0r,/t/dd00128"
zYlOfvuzbBo,290,300,"/m/07s2xch,/m/09x0r,/t/dd00128"
ziAS__bmUIY,320,330,"/m/02g901,/m/04rlf,/m/09x0r,/t/dd00128"
zj0wawtfZsA,10,20,"/m/09x0r,/m/0jbk,/t/dd00013,/t/dd00128"
zoKjiJuTeaA,210,220,"/m/06_fw,/m/09x0r,/t/dd00128"
